{"mean": [30.252636907406067, 0.4946435397059887, 88.74001653890481], "scale": [17.594414240823852, 0.4999713075098597, 17.290223014107685]}